,City,Lat,Lng,Max Temp,Humidity,Cloudiness,Wind Speed,Country,Date
0,Ilulissat,69.2167,-51.1,39.22,60,3,0.0,GL,1622686274
1,Bluff,-46.6,168.3333,49.8,76,76,7.38,NZ,1622686274
2,Indianola,41.3581,-93.5574,71.85,68,5,2.84,US,1622686275
3,Chicama,-7.8447,-79.1469,65.88,82,100,5.86,PE,1622686275
4,Hilo,19.7297,-155.09,82.13,66,20,9.22,US,1622686275
5,Atuona,-9.8,-139.0333,79.97,73,76,16.35,PF,1622686275
6,Fershampenuaz,53.5202,59.8117,55.67,81,94,9.17,RU,1622686276
7,Bredasdorp,-34.5322,20.0403,50.29,86,17,4.36,ZA,1622686276
8,Alofi,-19.0595,-169.9187,76.69,77,98,8.52,NU,1622686277
9,Rikitea,-23.1203,-134.9692,73.17,59,77,15.12,PF,1622686277
10,Watsa,3.0372,29.5355,63.63,99,100,2.68,CD,1622686277
11,Ushuaia,-54.8,-68.3,26.26,100,20,8.05,AR,1622686278
12,Scottsbluff,41.8666,-103.6672,74.52,63,1,3.44,US,1622686238
13,Albany,42.6001,-73.9662,63.3,93,100,3.47,US,1622686086
14,Darnah,32.767,22.6367,66.74,62,2,5.86,LY,1622686278
15,Avarua,-21.2078,-159.775,80.65,69,20,5.75,CK,1622686278
16,Yellowknife,62.456,-114.3525,64.56,59,100,5.23,CA,1622686168
17,Cherskiy,68.75,161.3,63.86,23,80,14.03,RU,1622686279
18,Bethel,41.3712,-73.414,64.85,78,1,3.44,US,1622686279
19,Gwadar,25.1216,62.3254,83.43,85,1,8.12,PK,1622686280
20,Puerto Ayora,-0.7393,-90.3518,73.54,88,32,5.01,EC,1622686280
21,Port Alfred,-33.5906,26.891,62.49,61,100,19.39,ZA,1622686280
22,Kaitangata,-46.2817,169.8464,55.38,65,44,4.41,NZ,1622686281
23,Castaños,26.7833,-101.4167,82.35,48,89,2.64,MX,1622686281
24,Saint Paul Harbor,57.79,-152.4072,47.71,81,90,6.91,US,1622686281
25,Dzilam González,21.2833,-88.9333,77.65,80,13,8.72,MX,1622686282
26,Point Pedro,9.8167,80.2333,85.12,74,100,15.03,LK,1622686280
27,Kapaa,22.0752,-159.319,84.18,68,20,1.99,US,1622686282
28,Kitimat,54.0524,-128.6534,61.18,97,100,4.65,CA,1622686282
29,Kenitra,34.261,-6.5802,63.84,85,32,1.34,MA,1622686283
30,Carnarvon,-24.8667,113.6333,60.87,72,100,14.97,AU,1622686283
31,Ambilobe,-13.2,49.05,72.3,75,99,2.86,MG,1622686283
32,Karlstadt am Main,49.9603,9.7722,60.62,82,100,1.83,DE,1622686284
33,Bolobo,-2.1667,16.2333,71.1,92,27,0.92,CD,1622686028
34,Cuauhtémoc,28.4167,-106.8667,62.73,43,93,16.51,MX,1622686284
35,Port-Gentil,-0.7193,8.7815,77.59,84,90,9.26,GA,1622686284
36,Bairiki Village,1.3292,172.9752,86.0,79,75,16.08,KI,1622686285
37,Codrington,-38.2667,141.9667,60.28,74,35,8.63,AU,1622686285
38,Hithadhoo,-0.6,73.0833,83.88,66,70,18.61,MV,1622686285
39,Saint-Philippe,-21.3585,55.7679,70.21,81,87,15.59,RE,1622686286
40,Cape Town,-33.9258,18.4232,58.87,67,0,1.99,ZA,1622686238
41,Sarkand,45.41,79.9186,80.89,33,82,4.07,KZ,1622686286
42,Fairbanks,64.8378,-147.7164,67.96,45,75,8.05,US,1622686286
43,Hermanus,-34.4187,19.2345,56.89,83,16,11.5,ZA,1622686287
44,Katsuura,35.1333,140.3,77.23,68,64,11.7,JP,1622686287
45,Qaanaaq,77.484,-69.3632,25.2,87,100,4.32,GL,1622686287
46,Barinas,8.6226,-70.2075,89.64,66,94,1.14,VE,1622686288
47,Hong Kong,22.2855,114.1577,91.96,76,100,8.99,HK,1622686151
48,Lubawa,53.5043,19.7497,51.4,69,56,6.11,PL,1622686212
49,Plettenberg Bay,-34.0527,23.3716,59.56,72,90,5.08,ZA,1622686288
50,Kapit,2.0167,112.9333,86.94,65,73,2.44,MY,1622686157
51,Jamestown,42.097,-79.2353,62.19,91,90,4.0,US,1622686231
52,Ballina,-28.8667,153.5667,67.95,76,89,9.19,AU,1622686289
53,Barrow,71.2906,-156.7887,30.22,74,90,21.85,US,1622686241
54,Karur,10.95,78.0833,84.43,64,95,8.81,IN,1622686289
55,Ponta do Sol,32.6667,-17.1,65.03,70,100,8.08,PT,1622686290
56,Chokurdakh,70.6333,147.9167,71.91,21,88,10.33,RU,1622686290
57,Tiksi,71.6872,128.8694,48.29,70,99,11.16,RU,1622686291
58,Kahului,20.8947,-156.47,84.97,67,20,24.16,US,1622686291
59,Vaini,-21.2,-175.2,75.36,73,75,8.05,TO,1622686291
60,Parakou,9.3372,2.6303,73.11,93,63,5.32,BJ,1622686291
61,Det Udom,14.906,105.0784,93.4,61,100,6.42,TH,1622686292
62,Faanui,-16.4833,-151.75,80.58,73,9,13.8,PF,1622686292
63,Chifeng,42.2683,118.9636,65.46,24,58,21.79,CN,1622686292
64,Zaysan,47.4667,84.8667,77.52,41,40,4.21,KZ,1622686293
65,Langenburg,49.2544,9.8458,58.73,68,75,4.61,DE,1622686293
66,Tasiilaq,65.6145,-37.6368,33.96,86,45,4.56,GL,1622686294
67,East London,-33.0153,27.9116,62.04,74,100,20.07,ZA,1622686294
68,Hasaki,35.7333,140.8333,79.29,69,16,11.32,JP,1622686294
69,Port Lincoln,-34.7333,135.8667,60.69,65,55,14.54,AU,1622686295
70,Narsaq,60.9167,-46.05,43.02,89,100,5.66,GL,1622686269
71,Lavrentiya,65.5833,-171.0,33.06,66,100,15.43,RU,1622686295
72,Mataura,-46.1927,168.8643,49.48,77,77,2.28,NZ,1622686295
73,Elko,41.0002,-115.5012,87.82,30,12,6.58,US,1622686296
74,Soria,41.6667,-2.6667,51.85,67,22,2.1,ES,1622686296
75,Punta Arenas,-53.15,-70.9167,23.11,86,75,6.98,CL,1622686296
76,Fare,-16.7,-151.0167,80.49,78,44,13.53,PF,1622686297
77,Dikson,73.5069,80.5464,32.41,95,100,6.51,RU,1622686297
78,Hortobágy,47.5828,21.1511,53.8,78,100,7.11,HU,1622686297
79,Rafaela,-31.2503,-61.4867,57.97,66,5,3.24,AR,1622686298
80,Saint-Joseph,-21.3667,55.6167,69.21,79,87,15.75,RE,1622686298
81,Takoradze,4.8845,-1.7554,79.38,83,81,6.62,GH,1622686298
82,Caloundra,-26.8,153.1333,72.05,81,95,1.01,AU,1622686299
83,Bonavista,48.6499,-53.1147,48.02,96,38,7.47,CA,1622686299
84,Rocha,-34.4833,-54.3333,45.01,83,6,5.97,UY,1622686299
85,Pisco,-13.7,-76.2167,64.45,82,90,6.91,PE,1622686300
86,South Sioux City,42.4739,-96.4136,73.67,40,1,5.75,US,1622686300
87,Arraial do Cabo,-22.9661,-42.0278,72.05,89,0,13.06,BR,1622686300
88,Priyutnoye,46.1011,43.5072,57.58,87,17,13.53,RU,1622686301
89,Bengkulu,-3.8004,102.2655,83.05,69,94,2.84,ID,1622686301
90,Aktash,50.3,87.7333,57.83,52,48,0.94,RU,1622686301
91,Brae,60.3964,-1.353,49.91,84,4,13.11,GB,1622686302
92,Camacha,33.0833,-16.3333,62.02,63,40,11.5,PT,1622686302
93,Kruisfontein,-34.0033,24.7314,56.53,75,99,10.54,ZA,1622686302
94,Souillac,-20.5167,57.5167,75.36,69,68,18.48,MU,1622686303
95,Ogaminana,7.5946,6.2248,74.32,95,72,3.76,NG,1622686303
96,Nagua,19.3832,-69.8474,77.45,87,64,7.0,DO,1622686301
97,Butaritari,3.0707,172.7902,82.45,78,100,12.97,KI,1622686303
98,Souris,49.6172,-100.2612,73.98,55,100,8.7,CA,1622686304
99,Saskylakh,71.9167,114.0833,37.63,75,100,15.5,RU,1622686304
100,Thompson,55.7435,-97.8558,59.94,68,100,10.85,CA,1622686304
101,Sørland,67.667,12.6934,51.21,76,7,6.93,NO,1622686305
102,Sitka,57.0531,-135.33,49.89,87,90,16.11,US,1622686305
103,Antofagasta,-23.65,-70.4,58.28,85,8,1.86,CL,1622686064
104,Busselton,-33.65,115.3333,62.04,66,89,2.59,AU,1622686305
105,Jenison,42.9072,-85.792,65.1,79,100,1.01,US,1622686306
106,Poltava,49.5937,34.5407,52.92,78,100,17.47,UA,1622686306
107,Kalmunai,7.4167,81.8167,82.56,77,97,4.18,LK,1622686155
108,Cayenne,4.9333,-52.3333,81.09,85,0,1.99,GF,1622686307
109,Machilipatnam,16.1667,81.1333,84.4,69,20,8.41,IN,1622686307
110,Iqaluit,63.7506,-68.5145,29.93,92,90,13.0,CA,1622686226
111,Portland,45.5234,-122.6762,88.77,42,20,3.0,US,1622685864
112,Oak Harbor,48.2932,-122.6432,78.64,72,40,11.01,US,1622686308
113,Porto-Novo,6.4965,2.6036,79.29,85,83,4.9,BJ,1622686308
114,San Patricio,28.017,-97.5169,80.85,83,9,8.23,US,1622686308
115,Inírida,3.8653,-67.9239,73.87,96,99,2.3,CO,1622686309
116,Sabinas,27.85,-101.1167,81.99,56,99,8.28,MX,1622686075
117,Carroll,39.5501,-77.0164,70.52,70,100,5.01,US,1622686309
118,Neftçala,39.3742,49.2472,73.2,68,0,17.56,AZ,1622686309
119,Reconquista,-29.15,-59.65,57.4,80,21,5.55,AR,1622686310
120,West Bay,19.3667,-81.4167,82.47,82,20,1.99,KY,1622686310
121,Labuhan,-6.8844,112.2051,83.57,73,100,8.23,ID,1622686310
122,Amoy,24.4798,118.0819,87.85,74,20,11.18,CN,1622686067
123,Birao,10.2849,22.7882,77.76,61,100,3.18,CF,1622686311
124,Esperance,-33.8667,121.9,60.64,75,51,9.98,AU,1622686311
125,Tuatapere,-46.1333,167.6833,49.82,73,83,3.67,NZ,1622686311
126,Oussouye,12.485,-16.5469,75.6,74,75,4.9,SN,1622686312
127,Khatanga,71.9667,102.5,36.79,72,78,4.85,RU,1622686312
128,Airai,-8.9266,125.4092,72.64,56,53,3.62,TL,1622686312
129,Pizarro,4.9533,-77.366,77.83,88,95,2.93,CO,1622686313
130,Hobart,-42.8794,147.3294,60.66,63,75,1.99,AU,1622686313
131,Atherton,53.5237,-2.4935,62.15,78,40,4.0,GB,1622686313
132,Yulara,-25.2406,130.9889,62.83,48,40,14.36,AU,1622686314
133,Port Elizabeth,-33.918,25.5701,60.91,65,87,13.31,ZA,1622686314
134,Tautira,-17.7333,-149.15,82.42,83,87,12.21,PF,1622686314
135,Castro,-24.7911,-50.0119,56.19,94,2,2.91,BR,1622686315
136,Sabang,5.8933,95.3214,82.74,74,98,8.1,ID,1622686315
137,Honiara,-9.4333,159.95,84.65,76,45,5.03,SB,1622686315
138,Nizhniy Kuranakh,58.8353,125.4869,67.53,47,35,2.13,RU,1622686316
139,Cabedelo,-6.9811,-34.8339,72.27,80,5,11.63,BR,1622686316
140,Waipawa,-41.4122,175.5153,55.02,61,0,1.63,NZ,1622686316
141,Raja,8.4596,25.678,71.06,86,100,5.12,SS,1622686317
142,La Ronge,55.1001,-105.2842,63.27,73,89,8.1,CA,1622686317
143,Buala,-8.145,159.5921,82.24,80,88,5.17,SB,1622686317
144,Lufilufi,-13.8745,-171.5986,82.92,66,49,13.44,WS,1622686318
145,Tual,-5.6667,132.75,82.11,77,43,20.85,ID,1622686318
146,Kushiro,42.975,144.3747,58.84,84,94,8.93,JP,1622686318
147,Pangoa,-12.1167,-73.0,68.54,99,100,2.13,PE,1622686319
148,Lorengau,-2.0226,147.2712,78.22,92,100,5.84,PG,1622686319
149,Pastavy,55.1168,26.8326,54.03,75,100,5.79,BY,1622686319
150,Kayerkan,69.3497,87.7602,33.64,97,100,3.74,RU,1622686320
151,New Norfolk,-42.7826,147.0587,60.3,49,100,3.15,AU,1622686320
152,Ribeira Grande,38.5167,-28.7,59.94,66,28,4.9,PT,1622686320
153,Abu Samrah,35.3029,37.1841,60.03,64,0,5.3,SY,1622686321
154,Hualmay,-11.0964,-77.6139,64.33,86,42,7.16,PE,1622686321
155,Americus,32.0724,-84.2327,76.05,74,1,3.44,US,1622686285
156,Omboué,-1.5746,9.2618,74.71,93,100,4.61,GA,1622686321
157,Adelaide,-34.9333,138.6,62.58,80,75,1.99,AU,1622686231
158,Bambous Virieux,-20.3428,57.7575,75.22,68,68,18.7,MU,1622686322
159,Sinnamary,5.3833,-52.95,77.05,90,100,7.87,GF,1622686322
160,Quartucciu,39.2519,9.1794,67.87,83,0,5.28,IT,1622686322
161,Zabul Province,32.25,67.25,70.97,14,0,6.55,AF,1622686323
162,Lesozavodsk,45.4794,133.4244,59.74,92,100,8.19,RU,1622686323
163,Cidreira,-30.1811,-50.2056,60.37,86,32,4.09,BR,1622686323
164,Laguna,38.421,-121.4238,98.44,33,1,5.01,US,1622686324
165,Villazón,-22.0866,-65.5942,44.87,37,0,7.78,BO,1622686324
166,Zemen,42.4789,22.7492,43.75,83,12,3.67,BG,1622686324
167,Sartell,45.6216,-94.2069,75.92,56,1,7.34,US,1622686325
168,Varhaug,58.6147,5.6457,59.7,68,5,13.22,NO,1622686325
169,Balikpapan,-1.2675,116.8289,83.39,79,40,5.75,ID,1622686325
170,Lakatoro,-16.0999,167.4164,78.57,71,100,13.6,VU,1622686326
171,Itarema,-2.9248,-39.9167,78.06,81,9,11.36,BR,1622686326
172,Ivanishchi,55.7742,40.4273,45.73,85,3,7.07,RU,1622686326
173,Salalah,17.0151,54.0924,80.69,83,40,3.44,OM,1622686326
174,Mount Isa,-20.7333,139.5,71.37,46,72,14.97,AU,1622686327
175,Banda Aceh,5.5577,95.3222,82.87,75,98,4.83,ID,1622686327
176,Charters Towers,-20.1,146.2667,77.65,50,12,6.22,AU,1622686327
177,Kutum,14.2,24.6667,78.66,36,60,9.22,SD,1622686328
178,Vilhena,-12.7406,-60.1458,74.5,62,100,0.54,BR,1622686206
179,Skała,50.2305,19.8536,50.52,83,0,3.22,PL,1622686328
180,Upernavik,72.7868,-56.1549,28.29,89,67,7.45,GL,1622686231
181,Saint-Doulchard,47.1037,2.352,64.58,94,30,4.09,FR,1622686329
182,Jacareacanga,-6.2222,-57.7528,75.83,70,6,1.39,BR,1622686329
183,Hambantota,6.1241,81.1185,82.06,77,98,15.68,LK,1622686329
184,Juneau,58.3019,-134.4197,54.21,100,100,3.0,US,1622686330
185,San Cristobal,7.7669,-72.225,68.18,97,96,0.29,VE,1622686330
186,Talnakh,69.4865,88.3972,36.81,82,100,0.78,RU,1622686330
187,Klaksvík,62.2266,-6.589,49.12,95,100,10.22,FO,1622686331
188,Clyde River,70.4692,-68.5914,27.14,92,99,1.97,CA,1622686331
189,Purpe,64.4803,76.6897,41.74,55,100,13.71,RU,1622686331
190,Tonj,7.2737,28.6822,73.13,88,100,3.49,SS,1622686332
191,Asău,46.4333,26.4,53.76,92,100,4.97,RO,1622686332
192,Rincon,32.296,-81.2354,78.85,90,40,5.21,US,1622686113
193,Turukhansk,65.8167,87.9833,42.48,63,99,12.75,RU,1622686333
194,Catuday,16.2923,119.8062,80.24,86,100,20.42,PH,1622686333
195,Sechura,-5.5569,-80.8222,68.88,74,80,14.67,PE,1622686333
196,Río Gallegos,-51.6226,-69.2181,25.45,81,11,2.98,AR,1622686333
197,Kendari,-3.945,122.4989,82.69,75,100,2.04,ID,1622686334
198,Pevek,69.7008,170.3133,34.66,78,99,4.92,RU,1622686334
199,Provideniya,64.3833,-173.3,33.91,80,75,15.66,RU,1622686335
200,Longyearbyen,78.2186,15.6401,37.24,81,90,11.5,SJ,1622686335
201,Acarí,-15.4311,-74.6158,66.43,78,22,1.41,PE,1622686335
202,Hamilton,39.1834,-84.5333,65.98,97,90,5.97,US,1622686197
203,Deputatsky,69.3,139.9,64.33,21,88,7.23,RU,1622686336
204,Gal'bshtadt,53.2264,78.9845,64.42,70,100,10.98,RU,1622686336
205,Nanortalik,60.1432,-45.2371,38.64,92,100,14.52,GL,1622686336
206,Valle Nacional,17.7833,-96.3167,75.81,92,72,1.05,MX,1622686337
207,Hobyo,5.3505,48.5268,77.9,83,88,18.86,SO,1622686337
208,Sikeston,36.8767,-89.5879,69.69,88,75,0.0,US,1622686258
209,Shelburne,44.0787,-80.2041,63.09,87,100,6.89,CA,1622686337
210,Bongaree,-27.0797,153.1586,72.21,12,100,6.98,AU,1622686338
211,Severo-Kuril'sk,50.6789,156.125,45.0,81,73,10.87,RU,1622686338
212,Kungurtug,50.5994,97.5228,66.24,27,3,0.85,RU,1622686338
213,Barranca,-10.75,-77.7667,64.51,83,62,6.55,PE,1622686339
214,Dalbandin,28.8947,64.4101,92.59,6,0,1.95,PK,1622686339
215,Chilca,-12.5211,-76.7372,64.56,84,98,3.02,PE,1622686339
216,Kenora,49.8167,-94.4337,75.18,65,97,5.26,CA,1622686339
217,Port Blair,11.6667,92.75,84.24,79,40,2.3,IN,1622686340
218,Comodoro Rivadavia,-45.8667,-67.5,42.66,81,0,2.3,AR,1622686190
219,Berezovyy,51.6667,135.7,64.18,59,100,6.96,RU,1622686334
220,Farah,32.5,62.5,85.59,11,0,3.87,AF,1622686340
221,Nioki,-2.7167,17.6833,73.47,86,96,2.37,CD,1622686341
222,Mount Gambier,-37.8333,140.7667,55.31,88,75,5.75,AU,1622686341
223,Mīzan Teferī,6.9833,35.5833,61.84,91,95,2.66,ET,1622686341
224,Oltu,40.5498,42.0013,46.85,92,97,3.02,TR,1622686342
225,Champerico,14.3,-91.9167,84.34,71,15,5.35,GT,1622686342
226,Beringovskiy,63.05,179.3167,33.03,73,10,4.68,RU,1622686342
227,Jupiter,26.9342,-80.0942,81.05,83,99,5.01,US,1622686343
228,Semporna,4.4818,118.6112,84.7,75,81,8.16,MY,1622686343
229,Malanje,-9.5402,16.341,57.36,48,64,2.24,AO,1622686343
230,Dauphin,51.1494,-100.0502,69.3,74,100,2.13,CA,1622686343
231,Shingū,33.7333,135.9833,76.91,72,100,12.53,JP,1622686344
232,Buraidah,26.326,43.975,86.25,13,27,6.4,SA,1622686344
233,Yebaishou,41.3975,119.6408,66.97,26,10,18.52,CN,1622686344
234,Miranda,3.2499,-76.2281,73.53,94,100,4.27,CO,1622686345
235,Chui,-33.6971,-53.4616,47.01,86,1,6.49,UY,1622686345
236,Haines Junction,60.7522,-137.5108,52.95,63,98,10.4,CA,1622686346
237,Lagoa,39.05,-27.9833,59.49,68,39,6.78,PT,1622686346
238,Busko-Zdrój,50.4708,20.7188,51.62,77,100,1.3,PL,1622686346
239,Samarai,-10.6167,150.6667,79.38,84,62,13.44,PG,1622686346
240,La Trinidad,16.455,120.5875,73.2,70,100,7.67,PH,1622686347
241,Ipameri,-17.7219,-48.1597,70.92,54,97,5.44,BR,1622686347
242,Coyhaique,-45.5752,-72.0662,39.15,100,90,2.3,CL,1622686347
243,Mountrath,52.9989,-7.4728,57.43,91,100,4.43,IE,1622686348
244,Iskateley,67.6803,53.1512,38.3,70,100,15.52,RU,1622686348
245,Piripiri,-4.2733,-41.7769,73.94,87,35,2.73,BR,1622686348
246,Pangnirtung,66.1451,-65.7125,33.17,99,100,1.63,CA,1622686349
247,Rabo de Peixe,37.8,-25.5833,58.51,72,20,5.03,PT,1622686349
248,Jumla,29.2747,82.1838,62.33,63,0,1.66,NP,1622686349
249,Aparecida,-22.8469,-45.2297,65.1,79,0,2.13,BR,1622686350
250,Toamasina,-18.1667,49.3833,68.63,90,31,7.87,MG,1622686350
251,Biltine,14.5333,20.9167,87.51,14,100,6.71,TD,1622686350
252,Kavieng,-2.5744,150.7967,83.39,74,100,4.72,PG,1622686351
253,Marystown,47.1666,-55.1483,53.85,100,0,12.68,CA,1622686351
254,Moba,33.2288,105.0179,54.39,58,100,6.46,CN,1622686351
255,Lavaca,28.615,-96.6261,80.58,87,1,5.75,US,1622686352
256,Byron Bay,-28.65,153.6167,71.55,64,76,11.99,AU,1622686057
257,Ust'-Ilimsk,58.0006,102.6619,77.76,27,3,6.42,RU,1622686352
258,La Rochelle,46.1667,-1.15,60.87,94,90,6.91,FR,1622686352
259,Vila Velha,-20.3297,-40.2925,71.94,94,20,1.99,BR,1622686353
260,Ketchikan,55.3422,-131.6461,55.38,94,90,10.36,US,1622686353
261,Grindavik,63.8424,-22.4338,43.56,81,75,7.9,IS,1622686353
262,Ixtapa,20.7,-105.2,81.63,78,90,8.05,MX,1622686354
263,George Town,5.4112,100.3354,85.95,79,20,1.01,MY,1622686132
264,Tuktoyaktuk,69.4541,-133.0374,38.37,70,15,12.33,CA,1622686354
265,Berlevåg,70.8578,29.0864,49.01,73,78,3.4,NO,1622686354
266,Darhan,49.4867,105.9228,61.75,58,12,6.82,MN,1622686355
267,Fortuna,40.5982,-124.1573,61.93,82,20,1.01,US,1622686355
268,Tazmalt,36.3868,4.3989,75.63,64,100,4.12,DZ,1622686355
269,Quatre Cocos,-20.2078,57.7625,75.09,69,54,18.79,MU,1622686356
270,Chapleau,47.8405,-83.4034,55.58,81,80,5.73,CA,1622686356
271,Tura,25.5198,90.2201,80.02,81,32,5.66,IN,1622686356
272,Chingirlau,51.095,54.0814,67.98,71,11,1.74,KZ,1622686357
273,Hofn,64.2539,-15.2082,46.78,96,100,0.67,IS,1622686357
274,Den Helder,52.9599,4.7593,64.94,87,20,5.99,NL,1622686067
275,La Rioja,42.25,-2.5,58.78,64,41,6.38,ES,1622686170
276,Peniche,39.3558,-9.3811,58.73,83,100,21.68,PT,1622686357
277,Frontera,26.9333,-101.45,84.33,48,70,5.12,MX,1622686358
278,The Valley,18.217,-63.0578,81.1,74,100,18.97,AI,1622686242
279,Wattegama,6.7989,81.4808,80.01,78,100,3.31,LK,1622686358
280,Nosy Varika,-20.5833,48.5333,67.26,91,21,5.93,MG,1622686359
281,Vao,-22.6667,167.4833,71.01,65,11,10.0,NC,1622686359
282,Springbok,-29.6643,17.8865,50.29,42,0,19.48,ZA,1622686359
283,Vostok,46.4856,135.8833,53.89,92,100,4.52,RU,1622686360
284,Luganville,-15.5333,167.1667,78.44,75,100,9.64,VU,1622686360
285,Muzhi,65.3667,64.6667,38.59,59,31,25.01,RU,1622686360
286,Barra de Tecoanapa,16.5167,-98.75,84.33,74,39,6.11,MX,1622686361
287,Ancud,-41.8697,-73.8203,57.22,98,100,11.27,CL,1622686361
288,Lata,40.1629,-8.3327,58.82,93,99,4.92,PT,1622686361
289,Yaan,7.3833,8.5667,74.84,89,52,5.88,NG,1622686362
290,Serenje,-13.2325,30.2352,57.22,93,48,3.2,ZM,1622686362
291,Huilong,31.8111,121.655,80.04,84,99,5.97,CN,1622686362
292,Yumen,40.2833,97.2,70.9,9,0,12.26,CN,1622686363
293,Namatanai,-3.6667,152.4333,84.87,68,100,2.86,PG,1622686363
294,Bonthe,7.5264,-12.505,79.54,82,100,4.63,SL,1622686363
295,Aripuanã,-9.1667,-60.6333,72.54,66,13,1.66,BR,1622686364
296,Lima,-12.0432,-77.0282,62.85,84,90,5.75,PE,1622686347
297,Kaeo,-35.1,173.7833,64.33,64,100,2.55,NZ,1622686364
298,Banjar,-8.19,114.9675,82.26,59,13,1.39,ID,1622686364
299,Merauke,-8.4667,140.3333,81.43,76,97,11.36,ID,1622686365
300,Kilindoni,-7.9139,39.6668,77.85,75,43,7.99,TZ,1622686365
301,Potam,27.6,-110.3833,91.44,31,35,4.74,MX,1622686365
302,Torbay,47.6666,-52.7314,56.88,83,0,19.28,CA,1622686366
303,Pauini,-7.7136,-66.9764,74.77,69,36,2.28,BR,1622686366
304,Brigantine,39.4101,-74.3646,66.02,92,1,8.28,US,1622686366
305,Harper,4.375,-7.7169,79.03,87,41,7.65,LR,1622686367
306,Cartagena del Chairá,1.3349,-74.8429,71.91,98,62,2.84,CO,1622686367
307,Kollam,8.8833,76.6,82.27,82,79,2.48,IN,1622686220
308,Catumbela,-12.4314,13.5472,72.36,85,27,5.44,AO,1622686367
309,Lebu,-37.6167,-73.65,55.92,98,100,5.14,CL,1622686368
310,Zhuangyuan,37.2975,120.8256,70.84,70,100,7.09,CN,1622686368
311,São João da Barra,-21.6403,-41.0511,71.78,89,0,8.39,BR,1622686368
312,Wainwright,52.839,-110.8572,76.84,51,86,4.99,CA,1622686369
313,Atar,20.5169,-13.0499,91.04,27,100,4.12,MR,1622686369
314,Ust-Nera,64.5667,143.2,57.38,34,7,2.39,RU,1622686369
315,Ozernovskiy,51.5,156.5167,41.67,84,98,7.11,RU,1622686370
316,Acaraú,-2.8856,-40.12,77.99,83,6,11.45,BR,1622686370
317,Half Moon Bay,37.4636,-122.4286,78.62,79,90,6.91,US,1622686132
318,Lüderitz,-26.6481,15.1594,65.32,30,4,21.47,NA,1622686370
319,Novy Urengoy,66.0833,76.6333,39.67,54,49,4.45,RU,1622686371
320,San Quintín,30.4833,-115.95,63.72,79,99,8.95,MX,1622686371
321,Dickinson,29.4608,-95.0513,81.95,79,75,1.01,US,1622686371
322,Mahébourg,-20.4081,57.7,75.25,67,71,18.95,MU,1622686118
323,Noshiro,40.2039,140.0242,76.35,52,99,1.81,JP,1622686372
324,Saldanha,-33.0117,17.9442,57.02,84,0,12.3,ZA,1622686372
325,Caravelas,-17.7125,-39.2481,72.88,87,14,4.09,BR,1622686372
326,Acapulco de Juárez,16.8634,-99.8901,85.82,70,90,7.92,MX,1622686261
327,Aquiraz,-3.9014,-38.3911,80.69,83,15,10.38,BR,1622686373
328,Pontianak,-0.0333,109.3333,84.18,84,20,4.0,ID,1622686373
329,Mandalgovi,45.7625,106.2708,55.78,47,6,16.28,MN,1622686373
330,Kumul,42.8,93.45,83.73,6,1,10.67,CN,1622686374
331,Hurghada,27.2574,33.8129,76.08,43,35,24.74,EG,1622686374
332,Takaka,-40.85,172.8,60.57,62,1,3.56,NZ,1622686374
333,Nikolskoye,59.7035,30.7861,48.09,73,42,3.71,RU,1622686375
334,Khandyga,62.6667,135.6,71.02,36,0,3.44,RU,1622686375
335,Aného,6.2333,1.6,80.94,80,31,9.62,TG,1622686375
336,Gagarin,55.5529,34.9954,44.19,89,2,8.14,RU,1622686376
337,Lodja,-3.4833,23.4333,73.22,62,100,2.17,CD,1622686376
338,Sahuaripa,29.05,-109.2333,90.57,14,77,10.63,MX,1622686376
339,Kiryat Gat,31.61,34.7642,65.8,68,0,3.09,IL,1622686377
340,Ruyigi Province,-3.45,30.3167,58.01,82,100,3.58,BI,1622686377
341,Karratha,-20.7377,116.8463,69.46,40,100,19.73,AU,1622686377
342,Altay,47.8667,88.1167,77.7,33,58,4.14,CN,1622686378
343,Hayvoron,48.3396,29.8679,50.52,94,100,13.89,UA,1622686378
344,Flinders,-34.5833,150.8552,58.37,88,100,4.0,AU,1622686378
345,Coolum Beach,-26.5333,153.1,71.11,79,97,4.21,AU,1622686379
346,Verkhnyaya Inta,65.9811,60.3094,34.7,81,98,15.57,RU,1622686379
347,Atocha,-20.9333,-66.2333,41.27,21,63,2.91,BO,1622686379
348,Oshkosh,44.0247,-88.5426,69.98,48,1,5.75,US,1622686305
349,Linxia Chengguanzhen,35.6003,103.2064,59.97,44,100,1.86,CN,1622686380
350,Ambunti,-4.2365,142.8448,90.48,55,21,1.3,PG,1622686380
351,Bilibino,68.0546,166.4372,65.46,20,85,8.3,RU,1622686380
352,Gimli,50.6336,-96.9907,66.51,73,100,13.15,CA,1622686380
353,Mar del Plata,-38.0023,-57.5575,49.12,4,100,7.0,AR,1622686252
354,Marzuq,14.4,46.4667,74.03,36,5,5.64,YE,1622686381
355,Urengoy,65.9667,78.3667,40.91,54,60,6.38,RU,1622686381
356,Shimoda,34.6667,138.95,74.1,71,100,12.06,JP,1622686382
357,Keta,5.9179,0.9879,80.98,81,16,6.6,GH,1622686382
358,Luanda,-8.8368,13.2343,77.0,83,75,2.3,AO,1622686145
359,Churapcha,62.0025,132.4325,70.32,39,88,6.82,RU,1622686382
360,Baykit,61.67,96.37,58.15,73,100,7.85,RU,1622686383
361,Khvastovichi,53.4694,35.0941,50.14,92,3,7.56,RU,1622686383
362,Porlamar,10.958,-63.8491,87.89,62,83,12.1,VE,1622686383
363,Vallenar,-28.5708,-70.7581,66.29,46,0,0.6,CL,1622686384
364,Treinta y Tres,-33.2333,-54.3833,44.6,88,3,4.32,UY,1622686384
365,Benghazi,32.1167,20.0667,73.49,50,60,11.32,LY,1622686384
366,Adwa,14.1646,38.8955,69.51,27,83,2.57,ET,1622686385
367,Guerrero Negro,27.9769,-114.0611,63.93,78,0,15.55,MX,1622686385
368,Cascais,38.6979,-9.4215,58.86,72,74,13.0,PT,1622686385
369,Saint George,37.1041,-113.5841,100.26,10,1,1.01,US,1622686254
370,Mehamn,71.0357,27.8492,51.21,69,67,4.92,NO,1622686386
371,Norman Wells,65.282,-126.8329,48.31,79,100,2.98,CA,1622686386
372,Oberá,-27.4871,-55.1199,59.68,93,100,1.39,AR,1622686386
373,Te Anau,-45.4167,167.7167,52.84,79,72,2.28,NZ,1622686387
374,Virginia Beach,36.8529,-75.978,68.07,94,100,8.57,US,1622686169
375,Kolomak,49.8399,35.3044,51.96,87,100,19.53,UA,1622686387
376,Mehrān,33.1222,46.1646,78.28,16,0,11.72,IR,1622686387
377,Agno,45.9833,8.85,63.36,87,75,1.14,CH,1622686388
378,Nemuro,43.3236,145.575,50.85,97,98,8.77,JP,1622686388
379,Nicoya,10.1483,-85.452,80.15,81,61,2.39,CR,1622686388
380,Novi Pazar,43.1367,20.5122,45.03,90,7,3.18,RS,1622686389
381,Matara,5.9485,80.5353,81.37,80,95,11.39,LK,1622686389
382,Rāvar,31.2656,56.8055,85.41,11,0,2.84,IR,1622686389
383,São Joaquim,-28.2939,-49.9317,51.73,96,99,3.94,BR,1622686390
384,Aliwal North,-30.6937,26.7114,45.75,75,100,17.31,ZA,1622686390
385,Rodino,52.5,80.25,69.21,72,100,6.8,RU,1622686390
386,Lucea,18.451,-78.1736,80.46,78,10,6.4,JM,1622686390
387,Gisborne,-38.6533,178.0042,59.95,60,0,5.64,NZ,1622686390
388,Atambua,-9.1061,124.8925,83.44,53,22,0.81,ID,1622686391
389,Riyadh,24.6877,46.7219,86.05,12,0,3.44,SA,1622686238
390,Hervey Bay,-25.2986,152.8535,78.04,69,98,4.0,AU,1622686391
391,Terrace,54.5163,-128.6035,60.71,94,75,8.05,CA,1622686392
392,Jinchang,38.4953,102.1739,64.89,11,53,3.96,CN,1622686392
393,Chunskiy,56.0815,99.6342,72.21,40,11,5.7,RU,1622686392
394,Querfurt,51.3833,11.6,60.46,89,100,3.69,DE,1622686393
395,Avera,33.194,-82.5271,78.31,62,100,3.53,US,1622686393
396,Kanashevo,55.2169,62.0634,54.16,95,100,6.62,RU,1622686393
397,Zhangye,38.9342,100.4517,68.81,11,1,2.8,CN,1622686394
398,Slave Lake,55.2834,-114.769,69.73,71,100,6.96,CA,1622686394
399,Mathathane,-22.2687,28.7495,51.12,42,0,6.91,BW,1622686394
400,Kelso,46.1468,-122.9084,87.96,59,1,9.22,US,1622686395
401,Jalpan,21.2333,-99.4833,70.11,92,100,2.98,MX,1622686395
402,Korla,41.7597,86.1469,84.61,17,4,4.09,CN,1622686395
403,Przeworsk,50.0591,22.4941,50.36,84,97,3.38,PL,1622686396
404,Dillon,34.4166,-79.3712,75.2,93,100,5.75,US,1622686396
405,Rebrikha,53.0733,82.3408,70.52,54,100,5.19,RU,1622686396
406,Sangar,63.9242,127.4739,70.74,31,25,4.03,RU,1622686397
407,Anadyr,64.75,177.4833,43.3,52,0,6.93,RU,1622686397
408,Jørpeland,59.0225,6.0408,60.78,65,3,9.4,NO,1622686397
409,Izvestkovyy,48.9833,131.55,51.22,98,100,11.99,RU,1622686398
410,Jingdezhen,29.2947,117.2079,80.01,90,97,3.67,CN,1622686398
411,Ina,35.8276,137.9538,75.45,55,42,1.74,JP,1622686398
412,Gaoua,10.2992,-3.2508,79.99,66,95,6.46,BF,1622686399
413,Chimbarongo,-34.7,-71.05,55.72,92,55,2.01,CL,1622686399
414,Robertsport,6.7533,-11.3686,80.8,78,81,4.03,LR,1622686399
415,Poya,-21.35,165.15,76.05,54,54,6.85,NC,1622686400
416,Birin,26.8865,88.0718,70.72,62,11,2.3,NP,1622686400
417,Nabire,-3.3667,135.4833,81.32,86,38,1.59,ID,1622686274
418,Lompoc,34.6391,-120.4579,73.54,87,75,9.22,US,1622686400
419,Buta,2.7858,24.73,68.52,95,37,0.47,CD,1622686401
420,Sinaloa,25.0,-107.5,86.45,33,47,4.03,MX,1622686139
421,Cabo San Lucas,22.8909,-109.9124,87.8,47,40,11.5,MX,1622686226
422,Krasnokamensk,50.0979,118.0369,56.23,61,100,17.92,RU,1622686401
423,Port Hardy,50.6996,-127.4199,59.49,86,100,6.76,CA,1622686402
424,Tarko-Sale,64.9225,77.785,42.01,72,80,9.48,RU,1622686402
425,Baringo,0.4667,35.9667,65.73,66,40,6.89,KE,1622686402
426,Lüleburgaz,41.4039,27.3592,54.77,86,65,2.35,TR,1622686403
427,Progreso,21.2833,-89.6667,77.11,80,6,14.76,MX,1622686403
428,Derzhavīnsk,51.1,66.3167,66.11,42,17,12.17,KZ,1622686403
429,Vyazemskiy,47.5378,134.7525,57.33,89,100,8.01,RU,1622686404
430,Sémbé,1.6481,14.5806,69.71,99,47,1.36,CG,1622686404
431,Phan Thiet,10.9333,108.1,88.21,66,72,9.17,VN,1622686374
432,Zhigansk,66.7697,123.3711,68.02,55,95,10.27,RU,1622686405
433,Wanning,18.8003,110.3967,90.3,68,98,12.21,CN,1622686405
434,Raudeberg,61.9875,5.1352,58.19,75,80,4.88,NO,1622686405
435,Impfondo,1.6381,18.0667,70.86,94,94,2.26,CG,1622686405
436,Seymchan,62.8833,152.4333,53.92,48,93,0.72,RU,1622686406
437,Auki,-8.7676,160.7034,84.92,70,66,3.24,SB,1622686406
438,Vardø,70.3705,31.1107,44.92,85,32,4.41,NO,1622686406
439,Edgewater,28.9889,-80.9023,78.03,88,20,11.5,US,1622686407
440,Nuuk,64.1835,-51.7216,36.21,93,90,12.66,GL,1622686407
441,Maïné Soroa,13.2114,12.0241,82.4,51,91,8.59,NE,1622686407
442,Kyren,51.6828,102.1408,68.23,35,0,0.29,RU,1622686333
443,Seoul,37.5683,126.9778,73.81,54,90,5.21,KR,1622686285
444,Kargil,34.5667,76.1,47.3,46,28,2.42,IN,1622686408
445,Sobolevo,54.4299,31.8996,51.96,78,95,7.92,RU,1622686408
446,Kazygurt,41.7589,69.3864,82.33,30,79,4.38,KZ,1622686408
447,Vestmannaeyjar,63.4427,-20.2734,44.82,75,82,4.52,IS,1622686409
448,Nizwá,22.9333,57.5333,87.57,17,39,2.17,OM,1622686409
449,Puerto Gaitán,4.3133,-72.0816,76.64,81,36,4.52,CO,1622686185
450,Mahibadhoo,3.7833,72.9667,84.36,64,83,16.11,MV,1622686410
451,Nouadhibou,20.931,-17.0347,65.41,84,94,23.02,MR,1622686410
452,College,64.8569,-147.8028,66.52,48,75,8.05,US,1622686410
453,Sandwick,60.0,-1.25,49.82,93,5,16.55,GB,1622686411
454,Kavaratti,10.5669,72.642,83.32,78,62,15.66,IN,1622686411
455,Poum,-20.2333,164.0167,74.7,58,85,12.03,NC,1622686411
456,Kajaani,64.2273,27.7285,46.45,81,0,2.3,FI,1622686412
457,Gazli,40.1333,63.45,88.83,20,0,13.4,UZ,1622686412
458,Rathdrum,47.8137,-116.892,92.21,32,1,6.91,US,1622686412
459,Gayéri,12.6497,0.4931,86.11,49,0,12.88,BF,1622686412
460,Alugan,12.2188,125.4808,86.04,63,100,4.47,PH,1622686413
461,Tuy Hoa,13.0833,109.3,91.02,53,100,10.67,VN,1622686318
462,Bontang,0.1333,117.5,83.91,67,51,2.66,ID,1622686413
463,Sylvan Lake,52.3168,-114.0853,79.36,30,56,6.91,CA,1622686414
464,Vaitape,-16.5167,-151.75,80.58,73,8,13.71,PF,1622686414
465,Morondava,-20.2833,44.2833,69.84,76,0,8.12,MG,1622686414
466,Vanderhoof,54.0166,-124.0198,67.8,67,100,3.53,CA,1622686415
467,Bull Savanna,17.8868,-77.5902,75.74,84,16,8.79,JM,1622686415
468,Kulachi,31.9286,70.4592,89.56,41,0,10.45,PK,1622686415
469,Oskemen,49.9565,82.6119,71.56,64,75,7.31,KZ,1622686416
470,Viedma,-40.8135,-62.9967,48.18,56,100,7.49,AR,1622686416
471,Kangaatsiaq,68.3065,-53.4641,35.4,83,96,13.53,GL,1622686416
472,Smithers,54.7804,-127.1743,61.68,79,100,4.63,CA,1622686417
473,Beirut,33.8889,35.4944,68.86,60,40,5.75,LB,1622686417
474,Dryden,49.7833,-92.7503,63.68,71,100,6.15,CA,1622686417
475,Umm Kaddadah,13.6017,26.6876,85.35,43,100,8.86,SD,1622686418
476,Saucillo,28.0167,-105.2833,70.34,51,100,4.83,MX,1622686418
477,Saint-Augustin,51.226,-58.6502,51.12,83,64,4.97,CA,1622686418
478,Galich,58.3797,42.3475,44.82,74,3,6.2,RU,1622686419
479,Klyuchi,52.2667,79.1667,69.04,73,97,12.01,RU,1622686419
480,Kota Belud,6.351,116.4305,87.66,86,99,1.92,MY,1622686419
481,Parintins,-2.6283,-56.7358,77.59,83,69,2.15,BR,1622686420
482,Talaya,61.3833,152.75,50.59,47,100,5.46,RU,1622686335
483,Amahai,-3.3333,128.9167,82.92,77,80,5.48,ID,1622686420
484,Mountain Home,43.133,-115.6912,92.68,10,1,9.15,US,1622686420
485,Husavik,66.0449,-17.3389,43.88,77,9,2.95,IS,1622686421
486,Santa Cruz de la Sierra,-17.8,-63.1667,72.19,73,89,5.1,BO,1622686416
487,Corrales,35.2378,-106.6067,78.04,28,20,7.0,US,1622686421
488,Yar-Sale,66.8333,70.8333,35.11,79,100,12.08,RU,1622686421
489,Qalyub,30.1792,31.2056,68.79,43,0,9.08,EG,1622686422
490,Ingrāj Bāzār,25.0,88.15,90.16,56,9,9.04,IN,1622686422
491,Santa Isabel Rio Negro,-0.4139,-65.0192,74.48,98,100,2.15,BR,1622686422
492,Aykhal,66.0,111.5,70.7,30,63,18.79,RU,1622686423
493,Adrar,20.5022,-10.0711,89.85,27,53,11.3,MR,1622686423
494,Oktyabr'skoye,43.0645,44.7417,55.54,100,100,3.2,RU,1622686423
495,Nicolás Bravo,18.45,-88.9167,81.95,73,19,5.79,MX,1622686424
496,Grass Valley,39.2191,-121.0611,91.71,28,1,1.01,US,1622686187
497,Chik,54.9928,82.4311,60.55,67,40,12.1,RU,1622686424
498,Rome,43.2128,-75.4557,68.43,88,75,5.75,US,1622686381
499,Verkhoyansk,67.5447,133.385,73.58,27,86,8.41,RU,1622686424
500,Kunda,25.7167,81.5167,94.05,35,0,6.82,IN,1622686425
501,Erzin,36.9559,36.2,66.0,83,2,2.57,TR,1622686425
502,Tondano,1.3038,124.9112,86.09,54,20,3.33,ID,1622686425
503,Vilyuysk,63.7553,121.6247,76.73,42,61,8.39,RU,1622686426
504,Khovd,48.0056,91.6419,72.61,23,76,6.04,MN,1622686426
505,North Bend,43.4065,-124.2243,72.25,86,75,9.22,US,1622686426
506,Kismayo,-0.3582,42.5454,77.04,82,100,12.44,SO,1622686427
507,Moose Factory,51.2585,-80.6094,64.4,48,54,7.9,CA,1622686427
508,Shirakawa,37.1223,140.2376,75.78,54,84,12.15,JP,1622686427
509,Esim,4.8699,-2.2405,79.21,83,49,5.57,GH,1622686428
510,Dawei,14.0833,98.2,86.22,72,60,2.26,MM,1622686428
511,Uyuni,-20.4597,-66.825,40.8,18,62,4.05,BO,1622686428
512,Olafsvik,64.8945,-23.7142,44.35,82,20,7.76,IS,1622686429
513,Bay Roberts,47.5999,-53.2648,57.65,82,0,8.01,CA,1622686429
514,Comarapa,-17.9,-64.4833,54.84,89,100,1.66,BO,1622686429
515,Saint-Pierre,-21.3393,55.4781,70.29,74,0,4.61,RE,1622686263
516,São Fidélis,-21.6461,-41.7469,66.97,92,0,2.13,BR,1622686430
517,Bharatpur,27.2167,77.4833,90.45,38,6,4.97,IN,1622686430
518,Dolores,-36.3132,-57.6792,45.99,69,100,5.95,AR,1622686430
519,Malmesbury,-33.4608,18.7271,57.54,88,0,6.89,ZA,1622686431
520,Beyneu,45.3167,55.2,81.39,41,0,7.27,KZ,1622686431
521,Owensboro,37.7742,-87.1133,70.27,100,90,4.61,US,1622686261
522,Willowmore,-33.2926,23.4895,49.1,79,47,5.84,ZA,1622686431
523,Bubaque,11.2833,-15.8333,79.41,79,87,12.19,GW,1622686432
524,Jackson,42.4165,-122.8345,94.87,20,1,12.66,US,1622686255
525,Uray,60.1247,64.7758,49.6,50,2,7.9,RU,1622686432
526,Amargosa,-13.0303,-39.6047,67.8,93,100,5.5,BR,1622686432
527,Cuiluan,47.72,128.648,55.22,92,100,10.85,CN,1622686433
528,Ouadda,8.0777,22.4007,69.64,75,100,3.44,CF,1622686433
529,Puqi,29.7167,113.8833,68.0,93,100,13.33,CN,1622686433
530,Tomatlán,19.9333,-105.25,81.59,73,93,5.19,MX,1622686434
531,Halifax,44.6453,-63.5724,63.52,65,100,7.56,CA,1622686326
532,Durango,24.8333,-104.8333,65.03,56,65,3.53,MX,1622686143
533,Cap Malheureux,-19.9842,57.6142,75.47,68,37,10.0,MU,1622686434
534,Kulhudhuffushi,6.6221,73.07,82.78,76,63,17.83,MV,1622686435
535,Atbasar,51.8,68.3333,61.63,49,100,12.88,KZ,1622686435
536,Coaraci,-14.6408,-39.5511,66.04,99,87,1.9,BR,1622686435
537,Petra,30.3222,35.4793,58.32,59,0,2.73,JO,1622686436
538,Isangel,-19.55,169.2667,78.91,65,75,10.49,VU,1622686436
539,Mananjary,-21.2167,48.3333,68.09,92,60,5.35,MG,1622686436
540,Coos Bay,43.3665,-124.2179,72.32,86,75,9.22,US,1622686437
541,Finnsnes,69.2296,17.9811,48.16,53,12,3.22,NO,1622686437
542,Mouila,-1.8685,11.0559,72.66,98,57,0.38,GA,1622686437
543,Pacific Grove,36.6177,-121.9166,76.62,86,75,3.0,US,1622686400
544,Daru,-9.0763,143.2092,79.52,81,100,13.51,PG,1622686207
545,Asbest,57.0099,61.4578,59.0,53,8,3.87,RU,1622686438
546,Chengde,40.9725,117.9361,67.06,27,1,13.22,CN,1622686438
547,Qaqortoq,60.7167,-46.0333,43.3,92,100,13.47,GL,1622686439
548,Goshen,41.5823,-85.8344,64.38,94,90,5.75,US,1622686425
549,Madawaska,47.3561,-68.3288,67.3,45,1,4.61,US,1622686439
550,Sivas Province,39.7916,37.0019,39.83,100,20,2.3,TR,1622686439
551,Tocopilla,-22.092,-70.1979,64.24,71,93,0.65,CL,1622686440
552,Mayo,38.8876,-76.5119,72.12,81,1,8.99,US,1622686440
553,Trairi,-3.2778,-39.2689,77.36,81,5,10.04,BR,1622686372
554,Ayagoz,47.9714,80.4392,79.65,31,100,11.45,KZ,1622686441
555,Cockburn Town,21.4612,-71.1419,79.74,78,98,19.42,TC,1622686227
556,Gaoyou,32.7858,119.4278,70.48,87,100,12.28,CN,1622686441
557,Aku,6.7081,7.3167,71.55,96,70,2.75,NG,1622686441
558,Shellbrook,53.2168,-106.4011,72.36,61,93,8.37,CA,1622686442
559,Imbituba,-28.24,-48.6703,66.09,91,99,3.4,BR,1622686442
560,Poso,-1.3959,120.7524,85.98,57,63,0.94,ID,1622686442
561,Mossamedes,-15.1961,12.1522,71.24,81,4,4.38,AO,1622686443
562,Dinghaicun,26.2847,119.7936,86.92,90,99,7.96,CN,1622686443
563,Sayyan,15.1718,44.3244,62.42,35,100,3.71,YE,1622686443
564,Aksarka,66.5606,67.7975,37.78,54,100,19.57,RU,1622686444
565,Mokokchūng,26.3333,94.5333,75.29,60,4,1.9,IN,1622686148
566,Koumac,-20.5667,164.2833,73.81,58,96,6.02,NC,1622686444
567,Murgab,37.4966,61.9714,80.47,36,0,6.04,TM,1622686444
568,Thunder Bay,48.4001,-89.3168,56.28,71,97,4.25,CA,1622686445
569,Hurup,56.7494,8.4195,55.71,10,97,21.94,DK,1622686445
570,Constitución,-35.3333,-72.4167,57.06,83,55,7.02,CL,1622686445
571,Hastings,50.8552,0.5729,63.54,90,25,6.42,GB,1622686446
572,Mkushi,-13.6202,29.3939,57.63,88,33,3.38,ZM,1622686446
573,Umluj,25.0213,37.2685,80.91,77,2,14.5,SA,1622686446
574,Alekseyevsk,57.8406,108.3492,79.83,28,72,1.3,RU,1622686447
575,Veinticinco de Mayo,-35.4323,-60.1727,49.05,61,54,1.01,AR,1622686447
576,Wairoa,-39.0333,177.3667,59.56,69,0,3.0,NZ,1622686447
577,Itaituba,-4.2761,-55.9836,78.85,73,61,1.74,BR,1622686448
578,Takhtamygda,54.1,123.5667,63.66,57,69,8.97,RU,1622686448
579,Los Algarrobos,8.5,-82.4333,81.45,86,100,1.81,PA,1622686448
580,Lerwick,60.1545,-1.1494,50.0,87,3,14.09,GB,1622686449
581,Praia,14.9215,-23.5087,72.14,83,40,9.22,CV,1622686449
